sa2_code,sa2_name,sa3_name,sa4_name,area_band,population_2021,population_2022,population_2023,population_2024,population_2025,population_density_2025,population_growth_pct_2024_25,growth_category,area_km2,train_stops,tram_stops,bus_stops,total_stops,stops_per_10000_people,people_per_stop,dominant_mode,access_category
206041504,Melbourne CBD - North,Melbourne City,Melbourne - Inner,Inner Melbourne,17360,18774,21527,23395,24296,43262.1,3.9,Growing,0.5616,2,15,12,29,11.94,838.0,Tram,Low
206041509,Southbank - East,Melbourne City,Melbourne - Inner,Inner Melbourne,16506,17267,18684,19274,19552,24318.4,1.4,Stable,0.804,0,15,5,20,10.23,978.0,Tram,Low
206041505,Melbourne CBD - West,Melbourne City,Melbourne - Inner,Inner Melbourne,16098,17226,19965,21340,22163,22050.5,3.9,Growing,1.0051,2,40,24,66,29.78,336.0,Tram,Moderate
206041503,Melbourne CBD - East,Melbourne City,Melbourne - Inner,Inner Melbourne,10119,10630,12389,13593,14266,17788.0,5,Growing,0.802,1,26,6,33,23.13,432.0,Tram,Moderate
206041117,Carlton,Melbourne City,Melbourne - Inner,Inner Melbourne,17064,17942,21321,23758,25267,13892.9,6.4,Rapid growth,1.8187,1,16,37,54,21.37,468.0,Bus,Moderate
206061515,South Yarra - North,Stonnington - West,Melbourne - Inner,Inner Melbourne,11449,11717,12877,13516,13779,11781.0,1.9,Stable,1.1696,1,8,15,24,17.42,574.0,Bus,Low
206041510,West Melbourne - Residential,Melbourne City,Melbourne - Inner,Inner Melbourne,7614,7979,8687,9236,9699,11760.6,5,Growing,0.8247,0,5,15,20,20.62,485.0,Bus,Moderate
206041508,Southbank (West) - South Wharf,Melbourne City,Melbourne - Inner,Inner Melbourne,6607,6778,7379,7783,8122,9559.8,4.4,Growing,0.8496,0,9,5,14,17.24,580.0,Tram,Low
206051513,St Kilda - Central,Port Phillip,Melbourne - Inner,Inner Melbourne,12086,12207,13134,13641,14012,9113.5,2.7,Growing,1.5375,0,32,19,51,36.4,275.0,Tram,Moderate
206071141,Collingwood,Yarra,Melbourne - Inner,Inner Melbourne,9351,9589,10398,11034,11383,8984.9,3.2,Growing,1.2669,0,8,12,20,17.57,569.0,Bus,Low
206071142,Fitzroy,Yarra,Melbourne - Inner,Inner Melbourne,10608,10739,11407,11884,12135,8806.9,2.1,Growing,1.3779,0,28,7,35,28.84,347.0,Tram,Moderate
206071518,Richmond - North,Yarra,Melbourne - Inner,Inner Melbourne,14074,13987,14798,15194,15303,7956.6,0.7,Stable,1.9233,2,25,4,31,20.26,494.0,Tram,Moderate
206041506,North Melbourne,Melbourne City,Melbourne - Inner,Inner Melbourne,15945,16510,17942,19069,19286,7953.6,1.1,Stable,2.4248,3,30,26,59,30.59,327.0,Tram,Moderate
206041118,Docklands,Melbourne City,Melbourne - Inner,Inner Melbourne,15905,16395,17661,18407,19139,7831.0,4,Growing,2.444,1,30,13,44,22.99,435.0,Tram,Moderate
206061516,South Yarra - South,Stonnington - West,Melbourne - Inner,Inner Melbourne,10097,9883,10435,10452,10440,7747.7,-0.1,Decline,1.3475,1,18,11,30,28.74,348.0,Tram,Moderate
206061136,Prahran - Windsor,Stonnington - West,Melbourne - Inner,Inner Melbourne,19444,19191,20171,20777,21112,7266.7,1.6,Stable,2.9053,2,47,26,75,35.52,281.0,Tram,Moderate
206051134,St Kilda East,Port Phillip,Melbourne - Inner,Inner Melbourne,16073,15951,16707,17237,17380,7201.2,0.8,Stable,2.4135,2,21,25,48,27.62,362.0,Bus,Moderate
206051512,South Melbourne,Port Phillip,Melbourne - Inner,Inner Melbourne,11856,11828,12455,12826,13132,6949.3,2.4,Growing,1.8897,0,27,12,39,29.7,337.0,Tram,Moderate
206051514,St Kilda - West,Port Phillip,Melbourne - Inner,Inner Melbourne,14090,14211,15419,15944,16298,6895.1,2.2,Growing,2.3637,0,30,22,52,31.91,313.0,Tram,Moderate
206011106,Brunswick East,Brunswick - Coburg,Melbourne - Inner,Inner Melbourne,12964,13238,13691,14328,14693,6776.6,2.5,Growing,2.1682,0,17,30,47,31.99,313.0,Bus,Moderate
206011495,Brunswick - North,Brunswick - Coburg,Melbourne - Inner,Inner Melbourne,13077,13185,13976,14474,15255,6332.2,5.4,Growing,2.4091,1,19,39,59,38.68,259.0,Bus,Moderate
206051129,Elwood,Port Phillip,Melbourne - Inner,Inner Melbourne,15032,14846,15415,15880,16056,6289.1,1.1,Stable,2.553,0,5,38,43,26.78,373.0,Bus,Moderate
206031115,Flemington,Essendon,Melbourne - Inner,Inner Melbourne,9181,9143,9729,10215,9935,6284.8,-2.7,Decline,1.5808,1,15,13,29,29.19,343.0,Tram,Moderate
206051130,Port Melbourne,Port Phillip,Melbourne - Inner,Inner Melbourne,16366,16365,16752,16817,16927,6068.3,0.7,Stable,2.7894,0,5,52,57,33.67,297.0,Bus,Moderate
206071139,Abbotsford,Yarra,Melbourne - Inner,Inner Melbourne,9258,9450,9948,10207,10316,5927.0,1.1,Stable,1.7405,2,5,14,21,20.36,491.0,Bus,Moderate
210051542,Craigieburn - North West,Tullamarine - Broadmeadows,Melbourne - North West,Outer / growth corridor,9975,10339,10721,11144,11293,5882.4,1.3,Stable,1.9198,0,0,19,19,16.82,594.0,Bus,Low
213031350,Seddon - Kingsville,Maribyrnong,Melbourne - West,Outer / growth corridor,9363,9335,9534,9722,9748,5801.3,0.3,Stable,1.6803,1,0,26,27,27.7,361.0,Bus,Moderate
206041121,Kensington (Vic.),Melbourne City,Melbourne - Inner,Inner Melbourne,10872,10968,11358,11625,12423,5786.2,6.9,Rapid growth,2.147,1,5,12,18,14.49,690.0,Bus,Low
206011496,Brunswick - South,Brunswick - Coburg,Melbourne - Inner,Inner Melbourne,13208,13303,14204,15081,15366,5621.6,1.9,Stable,2.7334,2,17,49,68,44.25,226.0,Bus,Moderate
208021176,Carnegie,Glen Eira,Melbourne - Inner South,Inner Melbourne,18791,18910,20056,20837,21266,5589.7,2.1,Growing,3.8045,1,12,60,73,34.33,291.0,Bus,Moderate
206071143,Fitzroy North,Yarra,Melbourne - Inner,Inner Melbourne,12945,12905,13308,13618,13749,5488.4,1,Stable,2.5051,1,26,40,67,48.73,205.0,Bus,High
208021182,Ormond - Glen Huntly,Glen Eira,Melbourne - Inner South,Inner Melbourne,13280,13398,14013,14681,15157,5160.5,3.2,Growing,2.9371,2,6,33,41,27.05,370.0,Bus,Moderate
206011107,Brunswick West,Brunswick - Coburg,Melbourne - Inner,Inner Melbourne,14497,14619,15115,15538,15988,5028.5,2.9,Growing,3.1795,0,16,72,88,55.04,182.0,Bus,High
206011498,Coburg - West,Brunswick - Coburg,Melbourne - Inner,Inner Melbourne,14184,14066,14476,14767,14989,4702.3,1.5,Stable,3.1876,0,1,53,54,36.03,278.0,Bus,Moderate
206061135,Armadale,Stonnington - West,Melbourne - Inner,Inner Melbourne,9433,9343,9735,9934,10032,4594.5,1,Stable,2.1835,2,39,22,63,62.8,159.0,Tram,High
206041125,South Yarra - West,Melbourne City,Melbourne - Inner,Inner Melbourne,6536,6540,6760,6893,6894,4587.7,0,Stable,1.5027,1,16,16,33,47.87,209.0,Tram,High
207011152,Hawthorn East,Boroondara,Melbourne - Inner East,Inner Melbourne,15881,16063,16838,17242,17541,4587.1,1.7,Stable,3.824,1,20,17,38,21.66,462.0,Tram,Moderate
206021499,Northcote - East,Darebin - South,Melbourne - Inner,Inner Melbourne,15229,15082,15490,15836,15969,4545.2,0.8,Stable,3.5134,2,8,60,70,43.83,228.0,Bus,Moderate
210051545,Roxburgh Park - North,Tullamarine - Broadmeadows,Melbourne - North West,Outer / growth corridor,14848,14936,15149,15375,15440,4522.8,0.4,Stable,3.4138,0,0,22,22,14.25,702.0,Bus,Low
208021179,Elsternwick,Glen Eira,Melbourne - Inner South,Inner Melbourne,12030,12084,12416,12704,12827,4482.5,1,Stable,2.8616,1,13,54,68,53.01,189.0,Bus,High
206071517,Richmond (South) - Cremorne,Yarra,Melbourne - Inner,Inner Melbourne,17977,17762,18591,19092,19225,4482.3,0.7,Stable,4.2891,3,45,4,52,27.05,370.0,Tram,Moderate
207011519,Hawthorn - North,Boroondara,Melbourne - Inner East,Inner Melbourne,10017,10017,10524,10759,10910,4442.5,1.4,Stable,2.4558,0,17,5,22,20.16,496.0,Tram,Moderate
208021174,Bentleigh - McKinnon,Glen Eira,Melbourne - Inner South,Inner Melbourne,25202,25432,26136,26752,26966,4332.4,0.8,Stable,6.2242,3,0,71,74,27.44,364.0,Bus,Moderate
206031113,Ascot Vale,Essendon,Melbourne - Inner,Inner Melbourne,15351,15148,15674,16078,16398,4274.7,2,Growing,3.8361,1,23,44,68,41.47,241.0,Bus,Moderate
212041460,Noble Park - West,Dandenong,Melbourne - South East,Outer / growth corridor,19810,19646,20165,20260,20473,4270.0,1.1,Stable,4.7946,1,0,51,52,25.4,394.0,Bus,Moderate
207011520,Hawthorn - South,Boroondara,Melbourne - Inner East,Inner Melbourne,12137,12227,12875,13394,13562,4216.6,1.3,Stable,3.2163,2,36,7,45,33.18,301.0,Tram,Moderate
213031348,Footscray,Maribyrnong,Melbourne - West,Outer / growth corridor,17419,18017,19845,20607,20882,4204.1,1.3,Stable,4.9671,2,15,96,113,54.11,185.0,Bus,High
206021500,Northcote - West,Darebin - South,Melbourne - Inner,Inner Melbourne,10424,10437,10682,10878,11026,4189.8,1.4,Stable,2.6316,3,21,17,41,37.18,269.0,Tram,Moderate
206031116,Moonee Ponds,Essendon,Melbourne - Inner,Inner Melbourne,16400,16547,17157,17752,17965,4125.0,1.2,Stable,4.3551,1,21,67,89,49.54,202.0,Bus,High
208021178,Caulfield - South,Glen Eira,Melbourne - Inner South,Inner Melbourne,18228,18210,18624,18918,19226,4053.9,1.6,Stable,4.7426,0,36,48,84,43.69,229.0,Bus,Moderate
206021112,Thornbury,Darebin - South,Melbourne - Inner,Inner Melbourne,19153,19126,19544,19893,20234,4049.1,1.7,Stable,4.9972,1,19,60,80,39.54,253.0,Bus,Moderate
208021180,Hughesdale,Glen Eira,Melbourne - Inner South,Inner Melbourne,7642,7644,7913,8053,8132,4046.8,1,Stable,2.0095,0,0,33,33,40.58,246.0,Bus,Moderate
210031538,Pascoe Vale,Moreland - North,Melbourne - North West,Outer / growth corridor,17402,17425,17876,18356,18674,4032.4,1.7,Stable,4.631,0,0,71,71,38.02,263.0,Bus,Moderate
208021181,Murrumbeena,Glen Eira,Melbourne - Inner South,Inner Melbourne,9467,9526,9760,10010,10126,4026.6,1.2,Stable,2.5148,2,0,43,45,44.44,225.0,Bus,Moderate
208021426,Bentleigh East - North,Glen Eira,Melbourne - Inner South,Inner Melbourne,16758,16865,17222,17498,17873,3886.4,2.1,Growing,4.5989,0,0,71,71,39.72,252.0,Bus,Moderate
207031163,Box Hill,Whitehorse - West,Melbourne - Inner East,Inner Melbourne,23212,23773,25253,26577,27206,3879.8,2.4,Growing,7.0123,1,5,137,143,52.56,190.0,Bus,High
206011497,Coburg - East,Brunswick - Coburg,Melbourne - Inner,Inner Melbourne,12675,12901,13482,13887,14457,3858.2,4.1,Growing,3.7471,2,33,48,83,57.41,174.0,Bus,High
208021177,Caulfield - North,Glen Eira,Melbourne - Inner South,Inner Melbourne,22723,23013,23895,24395,24635,3837.9,1,Stable,6.4189,1,50,53,104,42.22,237.0,Bus,Moderate
206071140,Carlton North - Princes Hill,Yarra,Melbourne - Inner,Inner Melbourne,8290,8114,8486,8678,8828,3831.3,1.7,Stable,2.3042,0,17,20,37,41.91,239.0,Bus,Moderate
209021429,Preston - West,Darebin - North,Melbourne - North East,Middle ring,12824,12733,13113,13414,13610,3814.6,1.5,Stable,3.5679,0,21,30,51,37.47,267.0,Bus,Moderate
213051588,Truganina - South West,Wyndham,Melbourne - West,Outer / growth corridor,19389,19472,19868,20259,20395,3792.4,0.7,Stable,5.3778,0,0,38,38,18.63,537.0,Bus,Low
213051585,Tarneit - South,Wyndham,Melbourne - West,Outer / growth corridor,11312,11368,11578,11637,11864,3790.3,2,Growing,3.1301,0,0,33,33,27.82,360.0,Bus,Moderate
206031502,Essendon - East,Essendon,Melbourne - Inner,Inner Melbourne,12314,12252,12616,12876,13196,3712.7,2.5,Growing,3.5543,3,17,64,84,63.66,157.0,Bus,High
212051568,Clayton - Central,Monash,Melbourne - South East,Outer / growth corridor,12276,12884,14164,14977,15483,3702.4,3.4,Growing,4.1819,1,0,34,35,22.61,442.0,Bus,Moderate
212041459,Noble Park - East,Dandenong,Melbourne - South East,Outer / growth corridor,12889,12842,13330,13641,13935,3699.1,2.2,Growing,3.7671,2,0,29,31,22.25,450.0,Bus,Moderate
206051128,Albert Park,Port Phillip,Melbourne - Inner,Inner Melbourne,16011,16126,16811,17094,17253,3690.7,0.9,Stable,4.6747,0,41,21,62,35.94,278.0,Tram,Moderate
213051583,Tarneit - Central,Wyndham,Melbourne - West,Outer / growth corridor,28594,28649,29230,29337,29246,3673.8,-0.3,Decline,7.9607,0,0,80,80,27.35,366.0,Bus,Moderate
210031536,Glenroy - West,Moreland - North,Melbourne - North West,Outer / growth corridor,8976,8985,9311,9518,9563,3662.7,0.5,Stable,2.6109,1,0,22,23,24.05,416.0,Bus,Moderate
210051543,Craigieburn - West,Tullamarine - Broadmeadows,Melbourne - North West,Outer / growth corridor,13194,13602,14203,14699,14970,3661.0,1.8,Stable,4.089,0,0,53,53,35.4,282.0,Bus,Moderate
206011109,Pascoe Vale South,Brunswick - Coburg,Melbourne - Inner,Inner Melbourne,10463,10398,10600,10831,10907,3649.4,0.7,Stable,2.9887,0,9,41,50,45.84,218.0,Bus,High
210031537,Oak Park,Moreland - North,Melbourne - North West,Outer / growth corridor,7978,8081,8257,8450,8559,3637.0,1.3,Stable,2.3533,2,0,19,21,24.54,408.0,Bus,Moderate
207021425,Doncaster East - South,Manningham - West,Melbourne - Inner East,Inner Melbourne,15593,15689,16262,16650,16983,3561.6,2,Growing,4.7684,0,0,61,61,35.92,278.0,Bus,Moderate
208041194,Malvern - Glen Iris,Stonnington - East,Melbourne - Inner South,Inner Melbourne,20469,20507,21299,21586,21820,3545.0,1.1,Stable,6.1552,5,63,23,91,41.7,240.0,Tram,Moderate
206031501,Essendon (West) - Aberfeldie,Essendon,Melbourne - Inner,Inner Melbourne,16175,16145,16584,17096,17119,3501.8,0.1,Stable,4.8886,0,12,59,71,41.47,241.0,Bus,Moderate
213051581,Point Cook - North West,Wyndham,Melbourne - West,Outer / growth corridor,9689,9724,9958,10107,10151,3455.1,0.4,Stable,2.938,0,0,16,16,15.76,634.0,Bus,Low
208011172,Hampton,Bayside,Melbourne - Inner South,Inner Melbourne,18405,18477,18793,19142,19524,3434.5,2,Growing,5.6847,1,0,82,83,42.51,235.0,Bus,Moderate
209021523,Reservoir - North East,Darebin - North,Melbourne - North East,Middle ring,14987,14926,15424,15915,16329,3410.4,2.6,Growing,4.788,2,0,58,60,36.74,272.0,Bus,Moderate
209021525,Reservoir - South East,Darebin - North,Melbourne - North East,Middle ring,12939,12995,13394,13823,14143,3384.9,2.3,Growing,4.1783,0,12,88,100,70.71,141.0,Bus,High
206021110,Alphington - Fairfield,Darebin - South,Melbourne - Inner,Inner Melbourne,9069,9142,9469,9653,9749,3378.9,1,Stable,2.8853,2,0,56,58,59.49,168.0,Bus,High
213041360,Taylors Hill,Melton - Bacchus Marsh,Melbourne - West,Outer / growth corridor,19794,19859,19863,19818,19874,3330.2,0.3,Stable,5.9679,0,0,43,43,21.64,462.0,Bus,Moderate
208021427,Bentleigh East - South,Glen Eira,Melbourne - Inner South,Inner Melbourne,14159,14103,14443,14739,14949,3258.1,1.4,Stable,4.5882,0,0,82,82,54.85,182.0,Bus,High
207031167,Surrey Hills (East) - Mont Albert,Whitehorse - West,Melbourne - Inner East,Inner Melbourne,10251,10301,10621,10720,10776,3238.1,0.5,Stable,3.3279,0,9,22,31,28.77,348.0,Bus,Moderate
207021157,Doncaster,Manningham - West,Melbourne - Inner East,Inner Melbourne,25173,25632,26863,27827,28353,3231.6,1.9,Stable,8.7738,0,0,103,103,36.33,275.0,Bus,Moderate
213041462,Burnside Heights,Melton - Bacchus Marsh,Melbourne - West,Outer / growth corridor,6440,6334,6473,6460,6443,3228.9,-0.3,Decline,1.9954,0,0,14,14,21.73,460.0,Bus,Moderate
213011334,St Albans - North,Brimbank,Melbourne - West,Outer / growth corridor,20838,20288,20708,20921,21020,3222.7,0.5,Stable,6.5225,1,0,74,75,35.68,280.0,Bus,Moderate
210051247,Meadow Heights,Tullamarine - Broadmeadows,Melbourne - North West,Outer / growth corridor,15070,14627,14853,14915,14841,3208.7,-0.5,Decline,4.6252,0,0,62,62,41.78,239.0,Bus,Moderate
207031164,Box Hill North,Whitehorse - West,Melbourne - Inner East,Inner Melbourne,18292,18385,19016,19403,19760,3182.6,1.8,Stable,6.2087,0,0,86,86,43.52,230.0,Bus,Moderate
208031190,Mentone,Kingston,Melbourne - Inner South,Inner Melbourne,13303,13347,13702,13945,14155,3180.9,1.5,Stable,4.45,1,0,60,61,43.09,232.0,Bus,Moderate
208041195,Malvern East,Stonnington - East,Melbourne - Inner South,Inner Melbourne,22202,22376,23133,23656,23996,3171.3,1.4,Stable,7.5666,3,14,79,96,40.01,250.0,Bus,Moderate
212051319,Ashwood - Chadstone,Monash,Melbourne - South East,Outer / growth corridor,19782,20041,20560,20875,21139,3150.9,1.3,Stable,6.7088,0,0,66,66,31.22,320.0,Bus,Moderate
213011333,Kings Park (Vic.),Brimbank,Melbourne - West,Outer / growth corridor,14076,13816,13846,13884,13956,3148.7,0.5,Stable,4.4323,0,0,53,53,37.98,263.0,Bus,Moderate
206061138,Toorak,Stonnington - West,Melbourne - Inner,Inner Melbourne,13096,13081,13297,13439,13610,3148.1,1.3,Stable,4.3233,1,31,25,57,41.88,239.0,Tram,Moderate
208011170,Brighton East,Bayside,Melbourne - Inner South,Inner Melbourne,16692,16708,17026,17223,17486,3117.9,1.5,Stable,5.6083,0,10,48,58,33.17,301.0,Bus,Moderate
207011150,Glen Iris - East,Boroondara,Melbourne - Inner East,Inner Melbourne,17006,16865,17201,17491,17650,3093.8,0.9,Stable,5.7049,1,9,39,49,27.76,360.0,Bus,Moderate
209041529,Lalor - East,Whittlesea - Wallan,Melbourne - North East,Middle ring,10025,9827,9943,10162,10253,3085.3,0.9,Stable,3.3232,0,0,41,41,39.99,250.0,Bus,Moderate
207031162,Blackburn South,Whitehorse - West,Melbourne - Inner East,Inner Melbourne,11019,10940,11038,11061,11072,3078.5,0.1,Stable,3.5966,0,0,47,47,42.45,236.0,Bus,Moderate
207031165,Burwood (Vic.),Whitehorse - West,Melbourne - Inner East,Inner Melbourne,12522,12899,13981,14851,15480,3071.9,4.2,Growing,5.0392,0,22,53,75,48.45,206.0,Bus,High
212051322,Glen Waverley - West,Monash,Melbourne - South East,Outer / growth corridor,21324,21502,22510,23121,23417,3050.8,1.3,Stable,7.6758,2,0,89,91,38.86,257.0,Bus,Moderate
213011339,Sydenham,Brimbank,Melbourne - West,Outer / growth corridor,11859,11583,11776,11929,12025,3045.9,0.8,Stable,3.9479,0,0,35,35,29.11,344.0,Bus,Moderate
213021345,Seabrook,Hobsons Bay,Melbourne - West,Outer / growth corridor,4999,4854,4903,4932,4932,3044.6,0,Stable,1.6199,0,0,9,9,18.25,548.0,Bus,Low
207011149,Camberwell,Boroondara,Melbourne - Inner East,Inner Melbourne,21500,21249,21785,22050,22052,3024.2,0,Stable,7.2919,5,57,51,113,51.24,195.0,Tram,High
209021428,Preston - East,Darebin - North,Melbourne - North East,Middle ring,20997,21053,21926,22473,23403,3021.4,4.1,Growing,7.7457,2,17,129,148,63.24,158.0,Bus,High
207011147,Balwyn,Boroondara,Melbourne - Inner East,Inner Melbourne,16323,16286,16698,16901,16868,3020.2,-0.2,Decline,5.5851,0,20,41,61,36.16,277.0,Bus,Moderate
208031188,Highett (East) - Cheltenham ,Kingston,Melbourne - Inner South,Inner Melbourne,24354,24522,25243,25799,26320,3012.3,2,Growing,8.7376,1,0,114,115,43.69,229.0,Bus,Moderate
213041463,Caroline Springs,Melton - Bacchus Marsh,Melbourne - West,Outer / growth corridor,20634,20659,20896,20954,20934,3011.0,-0.1,Decline,6.9526,0,0,79,79,37.74,265.0,Bus,Moderate
207011146,Ashburton (Vic.),Boroondara,Melbourne - Inner East,Inner Melbourne,8021,7930,8137,8365,8471,2986.3,1.3,Stable,2.8366,2,0,26,28,33.05,303.0,Bus,Moderate
210031237,Fawkner,Moreland - North,Melbourne - North West,Outer / growth corridor,14184,14160,14667,14900,15096,2968.8,1.3,Stable,5.0848,1,0,75,76,50.34,199.0,Bus,High
208011169,Brighton (Vic.),Bayside,Melbourne - Inner South,Inner Melbourne,23044,22904,23527,24046,24340,2968.1,1.2,Stable,8.2004,4,0,111,115,47.25,212.0,Bus,High
208031186,Chelsea - Bonbeach,Kingston,Melbourne - Inner South,Inner Melbourne,15317,15339,15568,15842,16058,2961.1,1.4,Stable,5.423,2,0,45,47,29.27,342.0,Bus,Moderate
212031558,Cranbourne East - South,Casey - South,Melbourne - South East,Outer / growth corridor,12450,13633,14425,15055,15590,2926.5,3.6,Growing,5.3272,0,0,13,13,8.34,1199.0,Bus,Very low
207031166,Burwood East,Whitehorse - West,Melbourne - Inner East,Inner Melbourne,10774,11074,11862,12323,12460,2922.9,1.1,Stable,4.2629,0,13,51,64,51.36,195.0,Bus,High
212041318,Springvale South,Dandenong,Melbourne - South East,Outer / growth corridor,12728,12450,12813,13111,13274,2911.0,1.2,Stable,4.56,0,0,49,49,36.91,271.0,Bus,Moderate
212041563,Dandenong - North,Dandenong,Melbourne - South East,Outer / growth corridor,21820,21333,22141,22963,23327,2901.0,1.6,Stable,8.041,0,0,132,132,56.59,177.0,Bus,High
213031352,Yarraville,Maribyrnong,Melbourne - West,Outer / growth corridor,15651,15607,15954,16153,16159,2875.3,0,Stable,5.62,1,0,87,88,54.46,184.0,Bus,High
210011230,Niddrie - Essendon West,Keilor,Melbourne - North West,Outer / growth corridor,7520,7560,7777,7898,8048,2871.5,1.9,Stable,2.8027,0,4,37,41,50.94,196.0,Bus,High
210011534,Keilor East,Keilor,Melbourne - North West,Outer / growth corridor,15174,15173,15289,15463,15645,2853.5,1.2,Stable,5.4828,0,0,63,63,40.27,248.0,Bus,Moderate
212051567,Clayton (North) - Notting Hill,Monash,Melbourne - South East,Outer / growth corridor,10099,10711,12765,14069,14911,2851.4,6,Rapid growth,5.2293,0,0,74,74,49.63,202.0,Bus,High
213051590,Wyndham Vale - South,Wyndham,Melbourne - West,Outer / growth corridor,13704,13692,13850,14106,14135,2851.2,0.2,Stable,4.9575,1,0,65,66,46.69,214.0,Bus,High
207011521,Kew - South,Boroondara,Melbourne - Inner East,Inner Melbourne,11717,11713,12085,12302,12306,2846.3,0,Stable,4.3235,0,37,30,67,54.44,184.0,Tram,High
207011155,Surrey Hills (West) - Canterbury,Boroondara,Melbourne - Inner East,Inner Melbourne,16083,15887,16167,16193,16229,2845.9,0.2,Stable,5.7026,3,15,49,67,41.28,242.0,Bus,Moderate
213011335,St Albans - South,Brimbank,Melbourne - West,Outer / growth corridor,17656,17098,17452,17697,17705,2826.2,0,Stable,6.2647,2,0,52,54,30.5,328.0,Bus,Moderate
208031189,Edithvale - Aspendale,Kingston,Melbourne - Inner South,Inner Melbourne,13669,13644,13889,14112,14365,2816.6,1.8,Stable,5.1001,2,0,46,48,33.41,299.0,Bus,Moderate
208031193,Mordialloc - Parkdale,Kingston,Melbourne - Inner South,Inner Melbourne,21429,21411,21875,22197,22437,2815.9,1.1,Stable,7.9681,2,0,82,84,37.44,267.0,Bus,Moderate
208011173,Sandringham - Black Rock,Bayside,Melbourne - Inner South,Inner Melbourne,17521,17481,17838,17973,18071,2810.4,0.5,Stable,6.4301,1,0,68,69,38.18,262.0,Bus,Moderate
213031347,Braybrook,Maribyrnong,Melbourne - West,Outer / growth corridor,19359,19488,20151,20607,20916,2794.7,1.5,Stable,7.4843,0,1,84,85,40.64,246.0,Bus,Moderate
212021455,Narre Warren - North East,Casey - North,Melbourne - South East,Outer / growth corridor,13617,13482,13626,13605,13618,2794.0,0.1,Stable,4.874,0,0,43,43,31.58,317.0,Bus,Moderate
211041269,Forest Hill,Whitehorse - East,Melbourne - Outer East,Outer / growth corridor,10866,10853,11008,11179,11256,2765.5,0.7,Stable,4.0702,0,1,51,52,46.2,216.0,Bus,High
207031161,Blackburn,Whitehorse - West,Melbourne - Inner East,Inner Melbourne,22356,22299,22897,23415,23732,2757.1,1.4,Stable,8.6076,2,0,121,123,51.83,193.0,Bus,High
209021526,Reservoir - South West,Darebin - North,Melbourne - North East,Middle ring,14244,14233,14692,15104,15350,2729.0,1.6,Stable,5.6247,2,1,102,105,68.4,146.0,Bus,High
212051323,Mount Waverley - North,Monash,Melbourne - South East,Outer / growth corridor,16238,16270,16767,17152,17492,2697.7,2,Growing,6.484,2,0,50,52,29.73,336.0,Bus,Moderate
213051362,Hoppers Crossing - South,Wyndham,Melbourne - West,Outer / growth corridor,18991,18463,18736,18879,18906,2696.5,0.1,Stable,7.0114,0,0,86,86,45.49,220.0,Bus,High
212031562,Hampton Park - West,Casey - South,Melbourne - South East,Outer / growth corridor,13518,13401,13671,13715,13748,2683.4,0.2,Stable,5.1234,0,0,55,55,40.01,250.0,Bus,Moderate
212021554,Berwick - South West,Casey - North,Melbourne - South East,Outer / growth corridor,11362,11629,12093,12746,13243,2663.9,3.9,Growing,4.9713,0,0,27,27,20.39,490.0,Bus,Moderate
209041217,Bundoora - West,Whittlesea - Wallan,Melbourne - North East,Middle ring,6237,6298,6532,6721,6806,2658.5,1.3,Stable,2.5601,0,3,14,17,24.98,400.0,Bus,Moderate
209011198,Heidelberg - Rosanna,Banyule,Melbourne - North East,Middle ring,16202,16279,16556,16852,16925,2656.3,0.4,Stable,6.3717,2,0,70,72,42.54,235.0,Bus,Moderate
212031306,Lynbrook - Lyndhurst,Casey - South,Melbourne - South East,Outer / growth corridor,18271,18624,18995,19379,19545,2656.2,0.9,Stable,7.3583,2,0,44,46,23.54,425.0,Bus,Moderate
213051580,Point Cook - North East,Wyndham,Melbourne - West,Outer / growth corridor,14324,14272,14647,14749,14746,2655.6,0,Stable,5.5527,0,0,46,46,31.19,321.0,Bus,Moderate
211041270,Mitcham (Vic.),Whitehorse - East,Melbourne - Outer East,Outer / growth corridor,16930,16990,17288,17425,17496,2640.1,0.4,Stable,6.6271,1,0,92,93,53.16,188.0,Bus,High
209011200,Ivanhoe,Banyule,Melbourne - North East,Middle ring,12559,12563,12903,13116,13188,2611.6,0.5,Stable,5.0498,2,0,53,55,41.7,240.0,Bus,Moderate
211041271,Nunawading,Whitehorse - East,Melbourne - Outer East,Outer / growth corridor,12518,12576,12903,13192,13247,2608.4,0.4,Stable,5.0785,1,0,70,71,53.6,187.0,Bus,High
213041461,Burnside,Melton - Bacchus Marsh,Melbourne - West,Outer / growth corridor,5857,5995,6199,6418,6635,2599.9,3.4,Growing,2.552,0,0,20,20,30.14,332.0,Bus,Moderate
207021424,Doncaster East - North,Manningham - West,Melbourne - Inner East,Inner Melbourne,15786,15768,16155,16306,16642,2599.1,2.1,Growing,6.403,0,0,75,75,45.07,222.0,Bus,High
209011199,Heidelberg West,Banyule,Melbourne - North East,Middle ring,15039,15244,15799,16641,17224,2574.1,3.5,Growing,6.6912,0,0,103,103,59.8,167.0,Bus,High
212031560,Cranbourne North - West,Casey - South,Melbourne - South East,Outer / growth corridor,12042,11965,12170,12295,12313,2573.3,0.1,Stable,4.7849,0,0,48,48,38.98,257.0,Bus,Moderate
210011231,Strathmore,Keilor,Melbourne - North West,Outer / growth corridor,10107,10167,10301,10427,10536,2542.2,1,Stable,4.1444,0,0,52,52,49.35,203.0,Bus,High
213051587,Truganina - South East,Wyndham,Melbourne - West,Outer / growth corridor,9761,9994,10399,10633,10846,2541.5,2,Growing,4.2675,0,0,24,24,22.13,452.0,Bus,Moderate
213031349,Maribyrnong,Maribyrnong,Melbourne - West,Outer / growth corridor,12712,12867,13364,13751,13960,2541.2,1.5,Stable,5.4934,0,30,48,78,55.87,179.0,Bus,High
207011148,Balwyn North,Boroondara,Melbourne - Inner East,Inner Melbourne,21406,21306,21866,22276,22454,2537.4,0.8,Stable,8.8492,0,12,96,108,48.1,208.0,Bus,High
209011196,Bundoora - East,Banyule,Melbourne - North East,Middle ring,9920,9814,9993,10196,10339,2537.2,1.4,Stable,4.0749,0,7,36,43,41.59,240.0,Bus,Moderate
210031535,Glenroy - East,Moreland - North,Melbourne - North West,Outer / growth corridor,14980,14830,15381,15671,15762,2523.0,0.6,Stable,6.2473,1,0,64,65,41.24,242.0,Bus,Moderate
212031458,Narre Warren South - West,Casey - South,Melbourne - South East,Outer / growth corridor,16930,16751,17066,17089,17083,2520.7,0,Stable,6.7771,0,0,68,68,39.81,251.0,Bus,Moderate
209011204,Watsonia,Banyule,Melbourne - North East,Middle ring,9305,9238,9338,9486,9504,2510.5,0.2,Stable,3.7857,1,0,52,53,55.77,179.0,Bus,High
212031559,Cranbourne North - East,Casey - South,Melbourne - South East,Outer / growth corridor,12925,13237,13537,13621,13691,2510.0,0.5,Stable,5.4545,0,0,29,29,21.18,472.0,Bus,Moderate
212051326,Oakleigh - Huntingdale,Monash,Melbourne - South East,Outer / growth corridor,23253,23515,24387,25025,25427,2500.1,1.6,Stable,10.1702,2,0,146,148,58.21,172.0,Bus,High
208011171,Highett (West) - Cheltenham,Bayside,Melbourne - Inner South,Inner Melbourne,12543,12542,12751,13073,13257,2492.0,1.4,Stable,5.3198,2,0,73,75,56.57,177.0,Bus,High
212051321,Glen Waverley - East,Monash,Melbourne - South East,Outer / growth corridor,21882,21727,22410,22630,22820,2490.0,0.8,Stable,9.1645,0,0,82,82,35.93,278.0,Bus,Moderate
212021295,Doveton,Casey - North,Melbourne - South East,Outer / growth corridor,12058,12134,12468,12728,12893,2482.5,1.3,Stable,5.1935,0,0,46,46,35.68,280.0,Bus,Moderate
211041272,Vermont,Whitehorse - East,Melbourne - Outer East,Outer / growth corridor,11079,10983,11141,11333,11435,2480.6,0.9,Stable,4.6098,0,0,50,50,43.73,229.0,Bus,Moderate
213051467,Werribee - East,Wyndham,Melbourne - West,Outer / growth corridor,19235,18765,18910,19040,19205,2475.9,0.9,Stable,7.7569,1,0,103,104,54.15,185.0,Bus,High
207021160,Templestowe Lower,Manningham - West,Melbourne - Inner East,Inner Melbourne,14280,14336,14433,14586,14695,2474.5,0.7,Stable,5.9386,0,0,63,63,42.87,233.0,Bus,Moderate
212041312,Dandenong North,Dandenong,Melbourne - South East,Outer / growth corridor,22834,22542,22878,23248,23391,2472.9,0.6,Stable,9.459,0,0,103,103,44.03,227.0,Bus,Moderate
208011168,Beaumaris,Bayside,Melbourne - Inner South,Inner Melbourne,14123,13999,14199,14376,14486,2427.4,0.8,Stable,5.9678,0,0,75,75,51.77,193.0,Bus,High
212021454,Endeavour Hills - South,Casey - North,Melbourne - South East,Outer / growth corridor,13461,13298,13490,13564,13539,2423.2,-0.2,Decline,5.5873,0,0,75,75,55.4,181.0,Bus,High
209041528,Doreen - South,Whittlesea - Wallan,Melbourne - North East,Middle ring,10595,11089,11470,11781,11947,2378.8,1.4,Stable,5.0223,0,0,33,33,27.62,362.0,Bus,Moderate
210011533,Avondale Heights,Keilor,Melbourne - North West,Outer / growth corridor,12473,12377,12556,12792,12861,2377.8,0.5,Stable,5.4087,0,0,45,45,34.99,286.0,Bus,Moderate
212051324,Mount Waverley - South,Monash,Melbourne - South East,Outer / growth corridor,19471,19586,20213,20522,20659,2374.4,0.7,Stable,8.7006,0,0,69,69,33.4,299.0,Bus,Moderate
210011226,Airport West,Keilor,Melbourne - North West,Outer / growth corridor,8240,8273,8437,8612,8783,2361.4,2,Growing,3.7194,0,9,48,57,64.9,154.0,Bus,High
211031267,Ringwood East,Maroondah,Melbourne - Outer East,Outer / growth corridor,21351,21244,21435,21824,22164,2359.7,1.6,Stable,9.3929,2,0,51,53,23.91,418.0,Bus,Moderate
209041221,Mill Park - South,Whittlesea - Wallan,Melbourne - North East,Middle ring,11339,11146,11265,11288,11494,2331.5,1.8,Stable,4.9298,0,0,46,46,40.02,250.0,Bus,Moderate
213021346,Williamstown,Hobsons Bay,Melbourne - West,Outer / growth corridor,16075,16154,16557,16867,17102,2328.0,1.4,Stable,7.3463,2,0,69,71,41.52,241.0,Bus,Moderate
213021344,Newport,Hobsons Bay,Melbourne - West,Outer / growth corridor,18983,18928,19445,19879,20328,2299.4,2.3,Growing,8.8407,3,0,88,91,44.77,223.0,Bus,Moderate
212041565,Keysborough - North,Dandenong,Melbourne - South East,Outer / growth corridor,15205,14987,15099,15059,15067,2281.0,0.1,Stable,6.6053,0,0,75,75,49.78,201.0,Bus,High
212031557,Cranbourne East - North,Casey - South,Melbourne - South East,Outer / growth corridor,23785,24228,24805,25066,25111,2277.6,0.2,Stable,11.0254,0,0,65,65,25.89,386.0,Bus,Moderate
213011329,Cairnlea,Brimbank,Melbourne - West,Outer / growth corridor,10142,9989,10071,10009,10035,2277.5,0.3,Stable,4.4061,0,0,15,15,14.95,669.0,Bus,Low
213011569,Deer Park,Brimbank,Melbourne - West,Outer / growth corridor,18219,17960,18163,18398,18368,2274.1,-0.2,Decline,8.0769,1,0,68,69,37.57,266.0,Bus,Moderate
213011331,Delahey,Brimbank,Melbourne - West,Outer / growth corridor,8148,8024,8000,7981,7859,2241.9,-1.5,Decline,3.5055,0,0,30,30,38.17,262.0,Bus,Moderate
207011522,Kew - West,Boroondara,Melbourne - Inner East,Inner Melbourne,13143,13160,13409,13624,13799,2221.8,1.3,Stable,6.2106,0,10,41,51,36.96,271.0,Bus,Moderate
213051466,Point Cook - South,Wyndham,Melbourne - West,Outer / growth corridor,19384,19610,20167,20490,20835,2211.3,1.7,Stable,9.4219,0,0,22,22,10.56,947.0,Bus,Low
212041317,Springvale,Dandenong,Melbourne - South East,Outer / growth corridor,22515,22598,23468,24023,24468,2203.3,1.9,Stable,11.1052,1,0,84,85,34.74,288.0,Bus,Moderate
211011446,Boronia,Knox,Melbourne - Outer East,Outer / growth corridor,23837,23829,24161,24512,24763,2198.6,1,Stable,11.2631,1,0,113,114,46.04,217.0,Bus,High
211031451,Croydon - West,Maroondah,Melbourne - Outer East,Outer / growth corridor,14246,14192,14584,14793,14940,2197.7,1,Stable,6.7979,1,0,66,67,44.85,223.0,Bus,Moderate
206071145,Clifton Hill - Alphington,Yarra,Melbourne - Inner,Inner Melbourne,9978,10233,10924,11220,11419,2192.2,1.8,Stable,5.2089,1,4,28,33,28.9,346.0,Bus,Moderate
210031440,Hadfield,Moreland - North,Melbourne - North West,Outer / growth corridor,6298,6364,6502,6625,6650,2180.2,0.4,Stable,3.0502,1,0,32,33,49.62,202.0,Bus,High
213031351,West Footscray - Tottenham,Maribyrnong,Melbourne - West,Outer / growth corridor,11881,11960,12548,12883,13007,2174.8,1,Stable,5.9807,2,0,55,57,43.82,228.0,Bus,Moderate
209041220,Mill Park - North,Whittlesea - Wallan,Melbourne - North East,Middle ring,17640,17302,17421,17665,17610,2164.4,-0.3,Decline,8.1362,1,0,105,106,60.19,166.0,Bus,High
214011371,Frankston,Frankston,Mornington Peninsula,Outer / growth corridor,23909,23809,24132,24736,25043,2154.3,1.2,Stable,11.6244,2,0,131,133,53.11,188.0,Bus,High
209021524,Reservoir - North West,Darebin - North,Melbourne - North East,Middle ring,9881,9698,9792,9806,9751,2152.7,-0.6,Decline,4.5297,0,0,67,67,68.71,146.0,Bus,High
213011336,Sunshine,Brimbank,Melbourne - West,Outer / growth corridor,9568,9601,9910,10059,10151,2145.2,0.9,Stable,4.732,1,0,95,96,94.57,106.0,Bus,High
208031185,Carrum - Patterson Lakes,Kingston,Melbourne - Inner South,Inner Melbourne,12115,12159,12330,12414,12478,2142.4,0.5,Stable,5.8242,1,0,56,57,45.68,219.0,Bus,High
211031450,Croydon - East,Maroondah,Melbourne - Outer East,Outer / growth corridor,16236,16196,16570,17141,17345,2141.8,1.2,Stable,8.0982,0,0,75,75,43.24,231.0,Bus,Moderate
209011197,Greensborough,Banyule,Melbourne - North East,Middle ring,20995,20830,20939,21287,21386,2118.0,0.5,Stable,10.0974,1,0,98,99,46.29,216.0,Bus,High
210031439,Gowanbrae,Moreland - North,Melbourne - North West,Outer / growth corridor,3141,3123,3174,3173,3215,2111.7,1.3,Stable,1.5225,0,0,17,17,52.88,189.0,Bus,High
212021553,Berwick - South East,Casey - North,Melbourne - South East,Outer / growth corridor,17986,18357,19128,19954,20765,2101.0,4.1,Growing,9.8836,0,0,67,67,32.27,310.0,Bus,Moderate
212031457,Narre Warren South - East,Casey - South,Melbourne - South East,Outer / growth corridor,13270,13151,13138,12996,13022,2093.4,0.2,Stable,6.2204,0,0,41,41,31.49,318.0,Bus,Moderate
211011447,Ferntree Gully - North,Knox,Melbourne - Outer East,Outer / growth corridor,14247,14228,14373,14500,14538,2081.3,0.3,Stable,6.9851,1,0,61,62,42.65,234.0,Bus,Moderate
211031268,Ringwood North,Maroondah,Melbourne - Outer East,Outer / growth corridor,9723,9651,9683,9777,9839,2079.8,0.6,Stable,4.7307,0,0,56,56,56.92,176.0,Bus,High
213041578,Melton South - Weir Views,Melton - Bacchus Marsh,Melbourne - West,Outer / growth corridor,16926,18660,20128,21641,22821,2070.8,5.5,Growing,11.0206,1,0,45,46,20.16,496.0,Bus,Moderate
213041575,Hillside,Melton - Bacchus Marsh,Melbourne - West,Outer / growth corridor,16346,16220,16127,16093,16173,2069.1,0.5,Stable,7.8166,0,0,45,45,27.82,359.0,Bus,Moderate
210051441,Craigieburn - Central,Tullamarine - Broadmeadows,Melbourne - North West,Outer / growth corridor,8190,7965,8107,8170,8172,2059.2,0,Stable,3.9685,0,0,23,23,28.14,355.0,Bus,Moderate
210051443,Craigieburn - South,Tullamarine - Broadmeadows,Melbourne - North West,Outer / growth corridor,22007,22533,23418,23994,24431,2050.6,1.8,Stable,11.9142,1,0,73,74,30.29,330.0,Bus,Moderate
206041124,Parkville,Melbourne City,Melbourne - Inner,Inner Melbourne,7428,7398,7937,8184,8280,2044.9,1.2,Stable,4.0491,1,26,25,52,62.8,159.0,Tram,High
212051327,Wheelers Hill,Monash,Melbourne - South East,Outer / growth corridor,20854,20667,20950,21236,21281,2038.5,0.2,Stable,10.4394,0,0,105,105,49.34,203.0,Bus,High
212041316,Noble Park North,Dandenong,Melbourne - South East,Outer / growth corridor,7518,7450,7573,7622,7593,2020.8,-0.4,Decline,3.7574,0,0,45,45,59.27,169.0,Bus,High
211031266,Ringwood,Maroondah,Melbourne - Outer East,Outer / growth corridor,18919,18962,19297,19593,19779,1995.8,0.9,Stable,9.9105,2,0,112,114,57.64,174.0,Bus,High
212031555,Clyde North - North,Casey - South,Melbourne - South East,Outer / growth corridor,10652,11675,12490,13108,13667,1985.5,4.3,Growing,6.8833,0,0,26,26,19.02,526.0,Bus,Low
211041273,Vermont South,Whitehorse - East,Melbourne - Outer East,Outer / growth corridor,12042,12027,12161,12237,12250,1980.9,0.1,Stable,6.184,0,5,46,51,41.63,240.0,Bus,Moderate
212031304,Cranbourne West,Casey - South,Melbourne - South East,Outer / growth corridor,21853,22935,23770,24843,25490,1976.3,2.6,Growing,12.898,0,0,48,48,18.83,531.0,Bus,Low
212051325,Mulgrave,Monash,Melbourne - South East,Outer / growth corridor,20072,20212,20666,20938,21072,1965.9,0.6,Stable,10.7189,0,0,110,110,52.2,192.0,Bus,High
211051281,Mooroolbark,Yarra Ranges,Melbourne - Outer East,Outer / growth corridor,23442,23579,23948,24206,24395,1944.8,0.8,Stable,12.5434,1,0,44,45,18.45,542.0,Bus,Low
211031265,Croydon Hills - Warranwood,Maroondah,Melbourne - Outer East,Outer / growth corridor,18232,18141,18303,18352,18457,1944.5,0.6,Stable,9.492,0,0,70,70,37.93,264.0,Bus,Moderate
212041310,Clayton South,Dandenong,Melbourne - South East,Outer / growth corridor,13562,13923,14714,15085,15349,1933.6,1.8,Stable,7.938,1,0,68,69,44.95,222.0,Bus,Moderate
211011256,Rowville - Central,Knox,Melbourne - Outer East,Outer / growth corridor,15540,15442,15677,15692,15771,1923.2,0.5,Stable,8.2003,0,0,75,75,47.56,210.0,Bus,High
209011201,Ivanhoe East - Eaglemont,Banyule,Melbourne - North East,Middle ring,7799,7791,7955,8069,8169,1910.0,1.2,Stable,4.2769,1,0,24,25,30.6,327.0,Bus,Moderate
211011257,Rowville - North,Knox,Melbourne - Outer East,Outer / growth corridor,7962,7794,7829,7867,7827,1877.5,-0.5,Decline,4.1688,0,0,27,27,34.5,290.0,Bus,Moderate
212041309,Clarinda - Oakleigh South,Dandenong,Melbourne - South East,Outer / growth corridor,11653,11490,11662,11724,11741,1857.0,0.1,Stable,6.3227,0,0,56,56,47.7,210.0,Bus,High
209011203,Viewbank - Yallambie,Banyule,Melbourne - North East,Middle ring,18891,18773,18965,18897,18993,1855.2,0.5,Stable,10.2379,1,0,65,66,34.75,288.0,Bus,Moderate
210031236,Coburg North,Moreland - North,Melbourne - North West,Outer / growth corridor,8513,8581,8788,8882,8932,1831.1,0.6,Stable,4.8779,2,6,50,58,64.94,154.0,Bus,High
209041527,Doreen - North,Whittlesea - Wallan,Melbourne - North East,Middle ring,16484,16685,17072,17176,17283,1831.0,0.6,Stable,9.4393,0,0,55,55,31.82,314.0,Bus,Moderate
206041119,East Melbourne,Melbourne City,Melbourne - Inner,Inner Melbourne,4959,4860,5066,5169,5245,1808.7,1.5,Stable,2.8998,2,34,10,46,87.7,114.0,Tram,High
211031452,Croydon South,Maroondah,Melbourne - Outer East,Outer / growth corridor,4936,4960,5026,5118,5147,1802.2,0.6,Stable,2.856,0,0,15,15,29.14,343.0,Bus,Moderate
213021342,Altona Meadows,Hobsons Bay,Melbourne - West,Outer / growth corridor,18660,18334,18604,18733,18783,1781.7,0.3,Stable,10.5419,0,0,46,46,24.49,408.0,Bus,Moderate
207021156,Bulleen,Manningham - West,Melbourne - Inner East,Inner Melbourne,11370,11419,11629,11730,11810,1770.3,0.7,Stable,6.6711,0,0,60,60,50.8,197.0,Bus,High
211011259,Wantirna,Knox,Melbourne - Outer East,Outer / growth corridor,14446,14220,14516,14607,14634,1761.8,0.2,Stable,8.3064,0,0,47,47,32.12,311.0,Bus,Moderate
209041433,Epping (Vic.) - West,Whittlesea - Wallan,Melbourne - North East,Middle ring,12279,12370,12663,12852,12895,1752.7,0.3,Stable,7.3573,0,0,39,39,30.24,331.0,Bus,Moderate
209041431,Epping - East,Whittlesea - Wallan,Melbourne - North East,Middle ring,13269,13156,13333,13453,13555,1744.7,0.8,Stable,7.7691,0,0,46,46,33.94,295.0,Bus,Moderate
212031300,Cranbourne,Casey - South,Melbourne - South East,Outer / growth corridor,21581,21578,21983,22468,22708,1743.1,1.1,Stable,13.027,1,0,74,75,33.03,303.0,Bus,Moderate
210051250,Tullamarine,Tullamarine - Broadmeadows,Melbourne - North West,Outer / growth corridor,6628,6486,6551,6667,6727,1743.0,0.9,Stable,3.8595,0,0,30,30,44.6,224.0,Bus,Moderate
213011328,Ardeer - Albion,Brimbank,Melbourne - West,Outer / growth corridor,7590,7463,7692,7880,7955,1733.8,1,Stable,4.5883,1,0,32,33,41.48,241.0,Bus,Moderate
211011448,Ferntree Gully (South) - Upper Ferntree Gully,Knox,Melbourne - Outer East,Outer / growth corridor,15451,15331,15547,15562,15630,1708.2,0.4,Stable,9.1499,1,0,79,80,51.18,195.0,Bus,High
208031183,Aspendale Gardens - Waterways,Kingston,Melbourne - Inner South,Inner Melbourne,8922,8894,8985,9061,9063,1707.6,0,Stable,5.3073,0,0,23,23,25.38,394.0,Bus,Moderate
213011332,Keilor Downs,Brimbank,Melbourne - West,Outer / growth corridor,13193,12974,12995,13036,13080,1707.6,0.3,Stable,7.6597,0,0,66,66,50.46,198.0,Bus,High
208031187,Chelsea Heights,Kingston,Melbourne - Inner South,Inner Melbourne,5426,5364,5359,5431,5445,1703.8,0.3,Stable,3.1958,0,0,41,41,75.3,133.0,Bus,High
214021592,Mornington - West,Mornington Peninsula,Mornington Peninsula,Outer / growth corridor,10638,10621,10746,10794,10900,1702.0,1,Stable,6.4044,0,0,69,69,63.3,158.0,Bus,High
209041216,Bundoora - North,Whittlesea - Wallan,Melbourne - North East,Middle ring,7424,7467,7749,7966,8014,1699.7,0.6,Stable,4.715,0,4,32,36,44.92,223.0,Bus,Moderate
210051242,Broadmeadows,Tullamarine - Broadmeadows,Melbourne - North West,Outer / growth corridor,14063,13921,14313,14734,14972,1696.2,1.6,Stable,8.8268,1,0,87,88,58.78,170.0,Bus,High
209041436,South Morang - South,Whittlesea - Wallan,Melbourne - North East,Middle ring,12513,12389,12565,12855,13054,1685.6,1.5,Stable,7.7445,1,0,42,43,32.94,304.0,Bus,Moderate
207011154,Kew East,Boroondara,Melbourne - Inner East,Inner Melbourne,6555,6552,6615,6748,6759,1683.3,0.2,Stable,4.0154,0,9,32,41,60.66,165.0,Bus,High
213051361,Hoppers Crossing - North,Wyndham,Melbourne - West,Outer / growth corridor,18657,18230,18273,18353,18359,1682.2,0,Stable,10.9136,1,0,89,90,49.02,204.0,Bus,High
211011251,Bayswater,Knox,Melbourne - Outer East,Outer / growth corridor,12708,12692,13011,13270,13388,1664.4,0.9,Stable,8.0437,1,0,65,66,49.3,203.0,Bus,High
212021456,Narre Warren - South West,Casey - North,Melbourne - South East,Outer / growth corridor,14900,14933,15234,15403,15484,1664.0,0.5,Stable,9.3054,1,0,73,74,47.79,209.0,Bus,High
212031561,Hampton Park - East,Casey - South,Melbourne - South East,Outer / growth corridor,12858,12823,13115,13348,13393,1629.5,0.3,Stable,8.2189,0,0,50,50,37.33,268.0,Bus,Moderate
209041532,Mernda - South,Whittlesea - Wallan,Melbourne - North East,Middle ring,12086,12538,12994,13483,13854,1605.9,2.8,Growing,8.6268,1,0,45,46,33.2,301.0,Bus,Moderate
209041530,Lalor - West,Whittlesea - Wallan,Melbourne - North East,Middle ring,13623,13621,13793,13889,13925,1593.9,0.3,Stable,8.7363,1,0,40,41,29.44,340.0,Bus,Moderate
213011337,Sunshine North,Brimbank,Melbourne - West,Outer / growth corridor,12161,11966,12185,12462,12751,1589.1,2.3,Growing,8.0239,0,0,43,43,33.72,297.0,Bus,Moderate
214011372,Frankston North,Frankston,Mornington Peninsula,Outer / growth corridor,19666,19587,19730,19791,19794,1495.2,0,Stable,13.2382,0,0,121,121,61.13,164.0,Bus,High
212021297,Hallam,Casey - North,Melbourne - South East,Outer / growth corridor,11598,11554,11737,11898,12009,1490.6,0.9,Stable,8.0565,1,0,56,57,47.46,211.0,Bus,High
212041313,Dingley Village,Dandenong,Melbourne - South East,Outer / growth corridor,10553,10542,10654,10728,10770,1486.8,0.4,Stable,7.2437,0,0,48,48,44.57,224.0,Bus,Moderate
214011375,Seaford (Vic.),Frankston,Mornington Peninsula,Outer / growth corridor,17362,17465,17731,18024,18305,1472.4,1.6,Stable,12.4321,2,0,87,89,48.62,206.0,Bus,High
213011338,Sunshine West,Brimbank,Melbourne - West,Outer / growth corridor,18770,18266,18527,18724,18693,1441.4,-0.2,Decline,12.9688,1,0,98,99,52.96,189.0,Bus,High
212031556,Clyde North - South,Casey - South,Melbourne - South East,Outer / growth corridor,15038,17977,20645,24557,28328,1441.3,15.4,Rapid growth,19.6543,0,0,88,88,31.06,322.0,Bus,Moderate
209021205,Kingsbury,Darebin - North,Melbourne - North East,Middle ring,10549,10747,11680,12454,12932,1435.4,3.8,Growing,9.0094,0,14,55,69,53.36,187.0,Bus,High
209011202,Montmorency - Briar Hill,Banyule,Melbourne - North East,Middle ring,16660,16627,16824,16916,17042,1416.9,0.7,Stable,12.0278,1,0,56,57,33.45,299.0,Bus,Moderate
209041223,Thomastown,Whittlesea - Wallan,Melbourne - North East,Middle ring,20201,19959,20162,20484,20595,1402.4,0.5,Stable,14.6852,1,0,113,114,55.35,181.0,Bus,High
211011260,Wantirna South,Knox,Melbourne - Outer East,Outer / growth corridor,18099,17967,18156,18360,18475,1383.3,0.6,Stable,13.3559,0,0,128,128,69.28,144.0,Bus,High
214011373,Frankston South,Frankston,Mornington Peninsula,Outer / growth corridor,18948,18985,19139,19184,19374,1330.6,1,Stable,14.5603,0,0,65,65,33.55,298.0,Bus,Moderate
210051245,Gladstone Park - Westmeadows,Tullamarine - Broadmeadows,Melbourne - North West,Outer / growth corridor,18176,17969,18144,18208,18285,1312.1,0.4,Stable,13.936,0,0,75,75,41.02,244.0,Bus,Moderate
211051277,Kilsyth,Yarra Ranges,Melbourne - Outer East,Outer / growth corridor,9980,10087,10326,10647,10692,1297.2,0.4,Stable,8.2426,0,0,55,55,51.44,194.0,Bus,High
212011552,Pakenham - South West,Cardinia,Melbourne - South East,Outer / growth corridor,27171,27436,27966,28162,28194,1265.5,0.1,Stable,22.2782,1,0,82,83,29.44,340.0,Bus,Moderate
211031263,Bayswater North,Maroondah,Melbourne - Outer East,Outer / growth corridor,11967,11829,11901,12007,12097,1220.8,0.7,Stable,9.909,0,0,84,84,69.44,144.0,Bus,High
209031209,Eltham,Nillumbik - Kinglake,Melbourne - North East,Middle ring,23707,23513,23486,23515,23669,1214.5,0.7,Stable,19.4882,1,0,68,69,29.15,343.0,Bus,Moderate
212021293,Berwick - North,Casey - North,Melbourne - South East,Outer / growth corridor,23181,23065,23540,23748,23637,1196.9,-0.5,Decline,19.748,1,0,131,132,55.84,179.0,Bus,High
214011370,Carrum Downs,Frankston,Mornington Peninsula,Outer / growth corridor,22264,22386,22858,23286,23464,1155.4,0.8,Stable,20.308,0,0,105,105,44.75,223.0,Bus,Moderate
213051464,Point Cook - East,Wyndham,Melbourne - West,Outer / growth corridor,19593,20081,20740,21396,21797,1145.1,1.9,Stable,19.0354,0,0,34,34,15.6,641.0,Bus,Low
211011258,Rowville - South,Knox,Melbourne - Outer East,Outer / growth corridor,10462,10378,10460,10566,10578,1131.0,0.1,Stable,9.3532,0,0,36,36,34.03,294.0,Bus,Moderate
211011254,Knoxfield - Scoresby,Knox,Melbourne - Outer East,Outer / growth corridor,16734,16690,16999,17094,17232,1128.8,0.8,Stable,15.2651,0,0,115,115,66.74,150.0,Bus,High
211051284,Upwey - Tecoma,Yarra Ranges,Melbourne - Outer East,Outer / growth corridor,9848,9719,9750,9832,9867,1109.8,0.4,Stable,8.8907,2,0,51,53,53.71,186.0,Bus,High
213051584,Tarneit - North,Wyndham,Melbourne - West,Outer / growth corridor,7340,9368,11142,13406,15880,1107.0,18.5,Rapid growth,14.3452,1,0,20,21,13.22,756.0,Bus,Low
210051544,Roxburgh Park (South) - Somerton,Tullamarine - Broadmeadows,Melbourne - North West,Outer / growth corridor,9582,9484,9656,9691,9699,1092.7,0.1,Stable,8.8762,1,0,50,51,52.58,190.0,Bus,High
207021159,Templestowe,Manningham - West,Melbourne - Inner East,Inner Melbourne,17101,17136,17429,17419,17442,1082.2,0.1,Stable,16.1176,0,0,109,109,62.49,160.0,Bus,High
214021591,Mornington - East,Mornington Peninsula,Mornington Peninsula,Outer / growth corridor,15272,15074,15041,15062,15082,1026.8,0.1,Stable,14.6884,0,0,49,49,32.49,308.0,Bus,Moderate
213021343,Altona North,Hobsons Bay,Melbourne - West,Outer / growth corridor,15084,15034,15342,15851,16493,1019.1,4.1,Growing,16.1844,0,0,124,124,75.18,133.0,Bus,High
213041571,Brookfield,Melton - Bacchus Marsh,Melbourne - West,Outer / growth corridor,9948,9959,10137,10364,10665,997.4,2.9,Growing,10.6929,0,0,24,24,22.5,444.0,Bus,Moderate
214021384,Rosebud - McCrae,Mornington Peninsula,Mornington Peninsula,Outer / growth corridor,23149,22957,23068,23205,23508,987.9,1.3,Stable,23.7957,0,0,77,77,32.75,305.0,Bus,Moderate
209041435,South Morang - North,Whittlesea - Wallan,Melbourne - North East,Middle ring,12714,12681,12848,13029,13259,967.1,1.8,Stable,13.7094,1,0,49,50,37.71,265.0,Bus,Moderate
210051442,Craigieburn - North,Tullamarine - Broadmeadows,Melbourne - North West,Outer / growth corridor,12446,12399,12649,12833,12846,962.1,0.1,Stable,13.3514,0,0,30,30,23.35,428.0,Bus,Moderate
213041358,Melton West,Melton - Bacchus Marsh,Melbourne - West,Outer / growth corridor,21505,21807,22199,22617,22710,938.3,0.4,Stable,24.2021,0,0,87,87,38.31,261.0,Bus,Moderate
213011340,Taylors Lakes,Brimbank,Melbourne - West,Outer / growth corridor,17070,16754,16903,16966,16896,915.1,-0.4,Decline,18.4632,1,0,72,73,43.21,231.0,Bus,Moderate
210051243,Campbellfield - Coolaroo,Tullamarine - Broadmeadows,Melbourne - North West,Outer / growth corridor,16245,15858,16188,16389,16386,901.0,0,Stable,18.1867,2,0,102,104,63.47,158.0,Bus,High
212011546,Beaconsfield - Officer,Cardinia,Melbourne - South East,Outer / growth corridor,23966,25750,26922,28306,29524,887.9,4.3,Growing,33.2503,2,0,60,62,21.0,476.0,Bus,Moderate
213051586,Truganina - North,Wyndham,Melbourne - West,Outer / growth corridor,9548,11538,12957,14210,15384,878.1,8.3,Rapid growth,17.5191,0,0,38,38,24.7,405.0,Bus,Moderate
212011549,Pakenham - North East,Cardinia,Melbourne - South East,Outer / growth corridor,15622,15762,15984,16320,16593,876.6,1.7,Stable,18.929,0,0,44,44,26.52,377.0,Bus,Moderate
212021453,Endeavour Hills - North,Casey - North,Melbourne - South East,Outer / growth corridor,12190,12057,12025,12118,12175,841.1,0.5,Stable,14.4746,0,0,54,54,44.35,225.0,Bus,Moderate
208031191,Moorabbin - Heatherton,Kingston,Melbourne - Inner South,Inner Melbourne,9197,9209,9414,9679,9826,839.9,1.5,Stable,11.6997,1,0,85,86,87.52,114.0,Bus,High
214021381,Mount Eliza,Mornington Peninsula,Mornington Peninsula,Outer / growth corridor,18924,18779,18871,18982,19110,823.4,0.7,Stable,23.2077,0,0,31,31,16.22,616.0,Bus,Low
213021341,Altona,Hobsons Bay,Melbourne - West,Outer / growth corridor,13655,13711,13877,14190,14428,815.9,1.7,Stable,17.6826,3,0,69,72,49.9,200.0,Bus,High
211021261,Donvale - Park Orchards,Manningham - East,Melbourne - Outer East,Outer / growth corridor,16410,16390,16494,16748,16894,812.1,0.9,Stable,20.8028,0,0,86,86,50.91,196.0,Bus,High
213041577,Melton,Melton - Bacchus Marsh,Melbourne - West,Outer / growth corridor,7966,7893,7990,8017,8007,812.0,-0.1,Decline,9.8614,0,0,59,59,73.69,136.0,Bus,High
209041531,Mernda - North,Whittlesea - Wallan,Melbourne - North East,Middle ring,11553,11643,11755,12004,12061,793.7,0.5,Stable,15.1961,0,0,35,35,29.02,345.0,Bus,Moderate
211011449,The Basin,Knox,Melbourne - Outer East,Outer / growth corridor,4380,4299,4297,4318,4336,758.5,0.4,Stable,5.7163,0,0,15,15,34.59,289.0,Bus,Moderate
212041566,Keysborough - South,Dandenong,Melbourne - South East,Outer / growth corridor,15290,15636,16218,16827,17117,723.0,1.7,Stable,23.6738,0,0,44,44,25.71,389.0,Bus,Moderate
214011376,Skye - Sandhurst,Frankston,Mornington Peninsula,Outer / growth corridor,13423,13459,13506,13573,13601,686.4,0.2,Stable,19.8152,0,0,17,17,12.5,800.0,Bus,Low
214011374,Langwarrin,Frankston,Mornington Peninsula,Outer / growth corridor,25252,25337,25531,25697,25788,685.5,0.4,Stable,37.6199,0,0,96,96,37.23,269.0,Bus,Moderate
209041437,Wollert,Whittlesea - Wallan,Melbourne - North East,Middle ring,24807,28188,30686,33491,36658,680.2,9.5,Rapid growth,53.892,0,0,37,37,10.09,991.0,Bus,Low
213011570,Derrimut,Brimbank,Melbourne - West,Outer / growth corridor,8748,8705,8826,8880,8958,675.7,0.9,Stable,13.2579,0,0,24,24,26.79,373.0,Bus,Moderate
214021382,Mount Martha,Mornington Peninsula,Mornington Peninsula,Outer / growth corridor,20026,19960,20057,20116,20161,667.4,0.2,Stable,30.2094,0,0,78,78,38.69,258.0,Bus,Moderate
211051280,Montrose,Yarra Ranges,Melbourne - Outer East,Outer / growth corridor,6993,6949,6909,6893,6904,654.8,0.2,Stable,10.5431,0,0,39,39,56.49,177.0,Bus,High
213041572,Cobblebank - Strathtulloh,Melton - Bacchus Marsh,Melbourne - West,Outer / growth corridor,7715,8835,10197,11697,12885,652.1,10.2,Rapid growth,19.7593,1,0,12,13,10.09,991.0,Bus,Low
211051283,Mount Evelyn,Yarra Ranges,Melbourne - Outer East,Outer / growth corridor,9866,9789,9895,9997,10043,591.1,0.5,Stable,16.9894,0,0,41,41,40.82,245.0,Bus,Moderate
213051363,Laverton,Wyndham,Melbourne - West,Outer / growth corridor,11643,11839,12359,12672,12816,576.1,1.1,Stable,22.2451,3,0,87,90,70.22,142.0,Bus,High
211051275,Chirnside Park,Yarra Ranges,Melbourne - Outer East,Outer / growth corridor,11876,12079,12373,12483,12603,567.6,1,Stable,22.2024,0,0,39,39,30.95,323.0,Bus,Moderate
210051445,Mickleham - Yuroke,Tullamarine - Broadmeadows,Melbourne - North West,Outer / growth corridor,23795,28481,31864,35244,39389,556.1,11.8,Rapid growth,70.8359,0,0,67,67,17.01,588.0,Bus,Low
209031215,Wattle Glen - Diamond Creek,Nillumbik - Kinglake,Melbourne - North East,Middle ring,14538,14424,14529,14771,14859,553.9,0.6,Stable,26.8245,2,0,45,47,31.63,316.0,Bus,Moderate
209041432,Epping - South,Whittlesea - Wallan,Melbourne - North East,Middle ring,8279,8068,8280,8380,8322,524.3,-0.7,Decline,15.8714,1,0,73,74,88.92,112.0,Bus,High
213051582,Tarneit (West) - Mount Cottrell,Wyndham,Melbourne - West,Outer / growth corridor,10316,13015,15199,17068,19169,522.2,12.3,Rapid growth,36.7062,0,0,19,19,9.91,1009.0,Bus,Very low
210011228,Keilor,Keilor,Melbourne - North West,Outer / growth corridor,8596,8531,8548,8675,8732,498.6,0.7,Stable,17.512,0,0,66,66,75.58,132.0,Bus,High
210041540,Sunbury - South,Sunbury,Melbourne - North West,Outer / growth corridor,15103,15464,16011,16773,17683,426.6,5.4,Growing,41.4496,1,0,102,103,58.25,172.0,Bus,High
212011550,Pakenham - North West,Cardinia,Melbourne - South East,Outer / growth corridor,7567,8087,8785,9629,10502,425.6,9.1,Rapid growth,24.6776,0,0,9,9,8.57,1167.0,Bus,Very low
213041574,Fraser Rise - Plumpton,Melton - Bacchus Marsh,Melbourne - West,Outer / growth corridor,10239,12954,16374,20675,24739,421.2,19.7,Rapid growth,58.7312,0,0,11,11,4.45,2249.0,Bus,Very low
206051511,Port Melbourne Industrial,Port Phillip,Melbourne - Inner,Inner Melbourne,1944,2195,2457,2567,3148,411.9,22.6,Rapid growth,7.6426,0,4,51,55,174.71,57.0,Bus,High
211011255,Lysterfield,Knox,Melbourne - Outer East,Outer / growth corridor,6654,6552,6552,6583,6622,358.1,0.6,Stable,18.494,0,0,25,25,37.75,265.0,Bus,Moderate
212031303,Cranbourne South,Casey - South,Melbourne - South East,Outer / growth corridor,17641,19700,21817,24522,27368,335.1,11.6,Rapid growth,81.662,0,0,66,66,24.12,415.0,Bus,Moderate
209031213,Plenty - Yarrambat,Nillumbik - Kinglake,Melbourne - North East,Middle ring,9521,9424,9554,9584,9579,329.0,-0.1,Decline,29.117,0,0,56,56,58.46,171.0,Bus,High
214021377,Dromana,Mornington Peninsula,Mornington Peninsula,Outer / growth corridor,13469,13560,13560,13756,13925,309.0,1.2,Stable,45.0575,0,0,36,36,25.85,387.0,Bus,Moderate
214021383,Point Nepean,Mornington Peninsula,Mornington Peninsula,Outer / growth corridor,20000,19931,19927,20222,20574,306.2,1.7,Stable,67.1876,0,0,198,198,96.24,104.0,Bus,High
210041541,Sunbury - West,Sunbury,Melbourne - North West,Outer / growth corridor,11271,11131,11355,11368,11497,304.2,1.1,Stable,37.7941,0,0,71,71,61.76,162.0,Bus,High
213041359,Rockbank - Mount Cottrell,Melton - Bacchus Marsh,Melbourne - West,Outer / growth corridor,17900,22867,27141,31254,35856,285.1,14.7,Rapid growth,125.7609,2,0,43,45,12.55,797.0,Bus,Low
213051589,Wyndham Vale - North,Wyndham,Melbourne - West,Outer / growth corridor,9176,10654,11820,13052,14515,283.2,11.2,Rapid growth,51.2497,0,0,22,22,15.16,660.0,Bus,Low
210051246,Greenvale - Bulla,Tullamarine - Broadmeadows,Melbourne - North West,Outer / growth corridor,22406,23492,24570,25668,26757,279.0,4.2,Growing,95.906,0,0,82,82,30.65,326.0,Bus,Moderate
213051468,Werribee - West,Wyndham,Melbourne - West,Outer / growth corridor,22692,25434,28022,30413,32943,258.0,8.3,Rapid growth,127.6631,1,0,93,94,28.53,350.0,Bus,Moderate
212021299,Narre Warren North,Casey - North,Melbourne - South East,Outer / growth corridor,8308,8225,8191,8160,8237,239.4,0.9,Stable,34.4086,0,0,20,20,24.28,412.0,Bus,Moderate
209031210,Hurstbridge,Nillumbik - Kinglake,Melbourne - North East,Middle ring,3576,3527,3512,3518,3521,237.2,0.1,Stable,14.8421,1,0,3,4,11.36,880.0,Bus,Low
211021262,Warrandyte - Wonga Park,Manningham - East,Melbourne - Outer East,Outer / growth corridor,10181,10076,10124,10212,10229,223.5,0.2,Stable,45.7591,0,0,80,80,78.21,128.0,Bus,High
212011551,Pakenham - South East,Cardinia,Melbourne - South East,Outer / growth corridor,6493,6586,6668,6677,6778,219.1,1.5,Stable,30.9414,2,0,33,35,51.64,194.0,Bus,High
214021379,Hastings - Somers,Mornington Peninsula,Mornington Peninsula,Outer / growth corridor,24245,24029,23856,23769,23795,218.5,0.1,Stable,108.8841,5,0,74,79,33.2,301.0,Bus,Moderate
211051278,Lilydale - Coldstream,Yarra Ranges,Melbourne - Outer East,Outer / growth corridor,19786,19895,20012,20492,20905,191.1,2,Growing,109.3817,1,0,101,102,48.79,205.0,Bus,High
213051579,Manor Lakes - Quandong,Wyndham,Melbourne - West,Outer / growth corridor,10791,11395,11954,12519,13667,189.7,9.2,Rapid growth,72.0339,0,0,14,14,10.24,976.0,Bus,Low
212041564,Dandenong - South,Dandenong,Melbourne - South East,Outer / growth corridor,9491,9535,9798,9993,10039,186.7,0.5,Stable,53.7832,1,0,128,129,128.5,78.0,Bus,High
211051274,Belgrave - Selby,Yarra Ranges,Melbourne - Outer East,Outer / growth corridor,10091,9977,9942,9958,9964,179.0,0.1,Stable,55.652,1,0,77,78,78.28,128.0,Bus,High
214021385,Somerville,Mornington Peninsula,Mornington Peninsula,Outer / growth corridor,18693,18596,18776,18921,19098,162.7,0.9,Stable,117.354,3,0,51,54,28.28,354.0,Bus,Moderate
213051368,Werribee - South,Wyndham,Melbourne - West,Outer / growth corridor,16994,17428,17780,17866,17936,157.3,0.4,Stable,114.0332,0,0,77,77,42.93,233.0,Bus,Moderate
210041539,Diggers Rest,Sunbury,Melbourne - North West,Outer / growth corridor,5302,5829,6425,6946,7434,143.3,7,Rapid growth,51.8922,1,0,30,31,41.7,240.0,Bus,Moderate
209031214,Research - North Warrandyte,Nillumbik - Kinglake,Melbourne - North East,Middle ring,6987,6964,6972,7017,7039,141.4,0.3,Stable,49.7946,0,0,58,58,82.4,121.0,Bus,High
213041353,Bacchus Marsh,Melton - Bacchus Marsh,Melbourne - West,Outer / growth corridor,25057,25618,26033,26531,27182,138.5,2.5,Growing,196.2983,1,0,80,81,29.8,336.0,Bus,Moderate
210041240,Sunbury,Sunbury,Melbourne - North West,Outer / growth corridor,13788,13820,14197,14758,15364,118.6,4.1,Growing,129.5487,0,0,66,66,42.96,233.0,Bus,Moderate
211051282,Mount Dandenong - Olinda,Yarra Ranges,Melbourne - Outer East,Outer / growth corridor,9770,9631,9613,9578,9587,117.1,0.1,Stable,81.8993,0,0,135,135,140.82,71.0,Bus,High
213041576,Kurunjang - Toolern Vale,Melton - Bacchus Marsh,Melbourne - West,Outer / growth corridor,11748,11814,11889,12031,12082,100.0,0.4,Stable,120.8438,0,0,37,37,30.62,327.0,Bus,Moderate
211051279,Monbulk - Silvan,Yarra Ranges,Melbourne - Outer East,Outer / growth corridor,5859,5778,5782,5808,5840,85.2,0.6,Stable,68.5553,0,0,26,26,44.52,225.0,Bus,Moderate
212031308,Pearcedale - Tooradin,Casey - South,Melbourne - South East,Outer / growth corridor,8083,8088,8118,8222,8272,84.0,0.6,Stable,98.5112,0,0,47,47,56.82,176.0,Bus,High
210021232,Gisborne,Macedon Ranges,Melbourne - North West,Outer / growth corridor,14340,14446,14885,15405,15959,75.6,3.6,Growing,211.057,1,0,74,75,47.0,213.0,Bus,High
211051285,Wandin - Seville,Yarra Ranges,Melbourne - Outer East,Outer / growth corridor,7963,7935,7963,7969,7996,71.5,0.3,Stable,111.7555,0,0,26,26,32.52,308.0,Bus,Moderate
213041573,Eynesbury - Exford,Melton - Bacchus Marsh,Melbourne - West,Outer / growth corridor,3026,3120,3409,3909,4309,62.0,10.2,Rapid growth,69.4885,0,0,13,13,30.17,331.0,Bus,Moderate
209041225,Whittlesea,Whittlesea - Wallan,Melbourne - North East,Middle ring,10763,12299,13975,15759,18174,61.0,15.3,Rapid growth,297.9798,1,0,62,63,34.66,288.0,Bus,Moderate
209041224,Wallan,Whittlesea - Wallan,Melbourne - North East,Middle ring,22953,24646,26251,28343,30342,59.8,7.1,Rapid growth,507.7457,3,0,44,47,15.49,646.0,Bus,Low
210021234,Riddells Creek,Macedon Ranges,Melbourne - North West,Outer / growth corridor,4498,4521,4537,4520,4589,55.1,1.5,Stable,83.3503,1,0,3,4,8.72,1147.0,Bus,Very low
212011289,Emerald - Cockatoo,Cardinia,Melbourne - South East,Outer / growth corridor,18802,18726,18884,18907,19043,51.2,0.7,Stable,371.6241,0,0,82,82,43.06,232.0,Bus,Moderate
210021233,Macedon,Macedon Ranges,Melbourne - North West,Outer / growth corridor,3540,3571,3570,3623,3615,49.5,-0.2,Decline,72.9902,1,0,1,2,5.53,1808.0,Train,Very low
211051276,Healesville - Yarra Glen,Yarra Ranges,Melbourne - Outer East,Outer / growth corridor,14181,14091,14104,14000,14116,38.2,0.8,Stable,369.5236,0,0,48,48,34.0,294.0,Bus,Moderate
212011548,Koo Wee Rup,Cardinia,Melbourne - South East,Outer / growth corridor,10160,10802,11503,11981,12598,30.4,5.1,Growing,414.663,0,0,5,5,3.97,2520.0,Bus,Very low
212011547,Bunyip - Garfield,Cardinia,Melbourne - South East,Outer / growth corridor,9940,10057,10178,10223,10366,28.3,1.4,Stable,365.9627,4,0,9,13,12.54,797.0,Bus,Low
211051286,Yarra Valley,Yarra Ranges,Melbourne - Outer East,Outer / growth corridor,16947,16942,16938,17026,17087,23.4,0.4,Stable,729.7582,0,0,79,79,46.23,216.0,Bus,High
214021378,Flinders,Mornington Peninsula,Mornington Peninsula,Outer / growth corridor,6024,6026,5989,6030,6064,21.1,0.6,Stable,287.3793,0,0,12,12,19.79,505.0,Bus,Low
210021235,Romsey,Macedon Ranges,Melbourne - North West,Outer / growth corridor,10835,11079,11247,11463,11567,18.5,0.9,Stable,624.7097,1,0,14,15,12.97,771.0,Bus,Low
209031212,Panton Hill - St Andrews,Nillumbik - Kinglake,Melbourne - North East,Middle ring,5121,5146,5105,5123,5130,17.6,0.1,Stable,292.1978,0,0,2,2,3.9,2565.0,Bus,Very low
209031211,Kinglake,Nillumbik - Kinglake,Melbourne - North East,Middle ring,4237,4291,4329,4369,4419,13.8,1.1,Stable,319.504,0,0,25,25,56.57,177.0,Bus,High
206041120,Flemington Racecourse,Melbourne City,Melbourne - Inner,Inner Melbourne,78,78,78,78,78,45.6,0,Stable,1.7093,1,2,3,6,769.23,13.0,Bus,High
208031192,Moorabbin Airport,Kingston,Melbourne - Inner South,Inner Melbourne,26,26,26,26,26,8.5,0,Stable,3.0755,0,0,9,9,3461.54,3.0,Bus,High
210051248,Melbourne Airport,Tullamarine - Broadmeadows,Melbourne - North West,Outer / growth corridor,130,130,130,130,130,4.3,0,Stable,30.3848,0,0,15,15,1153.85,9.0,Bus,High
210011227,Essendon Airport,Keilor,Melbourne - North West,Outer / growth corridor,14,14,14,14,14,4.2,0,Stable,3.3549,0,2,3,5,3571.43,3.0,Bus,High
208031184,Braeside,Kingston,Melbourne - Inner South,Inner Melbourne,28,28,28,28,28,3.1,0,Stable,9.0819,0,0,47,47,16785.71,1.0,Bus,High
206041127,West Melbourne - Industrial,Melbourne City,Melbourne - Inner,Inner Melbourne,0,0,0,0,0,0,0,Stable,6.1992,2,0,16,18,0,0.0,Bus,Very low
206041507,Royal Botanic Gardens Victoria,Melbourne City,Melbourne - Inner,Inner Melbourne,0,0,0,0,0,0,0,Stable,1.3511,0,3,5,8,0,0.0,Bus,Very low
